description,url,title
<p>In Alexander McQueen</p>,http://akns-images.eonline.com/eol_images/Entire_Site/2017029/rs_634x1024-170129165845-634-emma-stone-sag-awards-2017.jpg,Emma Stone
<p>In Dior</p>,http://akns-images.eonline.com/eol_images/Entire_Site/2017029/rs_634x1024-170129165832-634-2017-screen-actors-guild-natalie-portman.jpg,Natalie Portman
<p>&nbsp; &nbsp;</p>,http://akns-images.eonline.com/eol_images/Entire_Site/2017029/rs_634x1024-170129165752-634-Mahershala-Ali.cm.12917.jpg,Mahershala Ali
<p>In Gucci</p>,http://akns-images.eonline.com/eol_images/Entire_Site/2017029/rs_634x1024-170129165629-634-salma-hayek-sag-awards-2017.jpg,Salma Hayek
<p>In Louis Vuitton</p>,http://akns-images.eonline.com/eol_images/Entire_Site/2017029/rs_634x1024-170129165010-634-2017-screen-actors-guild-michelle-williams.jpg,Michelle Williams
<p>&nbsp; &nbsp;</p>,http://akns-images.eonline.com/eol_images/Entire_Site/2017029/rs_634x1024-170129165101-634.kerry-washington.cm.12917.jpg,Kerry Washington
<p>In Valentino</p>,http://akns-images.eonline.com/eol_images/Entire_Site/2017029/rs_634x1024-170129165315-634-meryl-streep-sag-awards-2017.jpg,Meryl Streep
<p>&nbsp; &nbsp;</p>,http://akns-images.eonline.com/eol_images/Entire_Site/2017029/rs_634x1024-170129165509-634-2017-screen-actors-guild-janelle-monae.jpg,Janelle Monae
<p>In Lela Rose</p>,http://akns-images.eonline.com/eol_images/Entire_Site/2017029/rs_634x1024-170129165028-634-julia-louis-dreyfus-sag-awards-2017.jpg,Julia Louis-Dreyfus
<p>&nbsp; &nbsp;</p>,http://akns-images.eonline.com/eol_images/Entire_Site/2017029/rs_634x1024-170129165532-634.naomie-harris.cm.12917.jpg,Naomie Harris
<p>In Miri Couture</p>,http://akns-images.eonline.com/eol_images/Entire_Site/2017029/rs_634x1024-170129165247-634.mayim-balik.cm.12917.jpg,Mayim Bialik
<p>In Jason Wu</p>,http://akns-images.eonline.com/eol_images/Entire_Site/2017029/rs_634x1024-170129164813-634-2017-screen-actors-guild-brie-larson.jpg,Brie Larson
<p>&nbsp; &nbsp;</p>,http://akns-images.eonline.com/eol_images/Entire_Site/2017029/rs_634x1024-170129164623-634-2017-screen-actors-guild-gina-rodriguez.jpg,Gina Rodriguez
<p>&nbsp; &nbsp;</p>,http://akns-images.eonline.com/eol_images/Entire_Site/2017029/rs_634x1024-170129164824-634.steven-yeun.cm.12917.jpg,Steve Yeun
<p>In Schiaparelli</p>,http://akns-images.eonline.com/eol_images/Entire_Site/2017029/rs_634x1024-170129164147-634-2017-screen-actors-guild-thandie-newton.jpg,Thandie Newton
<p>In Reem Acra</p>,http://akns-images.eonline.com/eol_images/Entire_Site/2017029/rs_634x1024-170129164348-634-2017-screen-actors-guild-taraji-p-henson.jpg,Taraji P. Henson
<p>In Dress the Population</p>,http://akns-images.eonline.com/eol_images/Entire_Site/2017029/rs_634x1024-170129164312-634.bryce-dallas-howard.cm.12917.jpg,Bryce Dallas Howard
<p>&nbsp; &nbsp;</p>,http://akns-images.eonline.com/eol_images/Entire_Site/2017029/rs_634x1024-170129163906-634-2017-screen-actors-guild-tracee-ellis-ross.jpg,Tracee Ellis Ross
<p>&nbsp; &nbsp;</p>,http://akns-images.eonline.com/eol_images/Entire_Site/2017029/rs_634x1024-170129163619-634.joe-mang.cm.12917.jpg,Joe Manganiello
<p>In Zuhair Murad</p>,http://akns-images.eonline.com/eol_images/Entire_Site/2017029/rs_634x1024-170129163440-634.sofia-vergara.cm.12916.jpg,Sofia Vergara
<p>In Alex Ulichny</p>,http://akns-images.eonline.com/eol_images/Entire_Site/2017112/rs_634x1024-170212173453-634.lady-gaga.cm.21217.jpg,Lady Gaga
<p>In Armani Priv&eacute;</p>,http://akns-images.eonline.com/eol_images/Entire_Site/2017112/rs_634x1024-170212172630-634-2017-grammy-awards-arrivals-rihanna.jpg,Rihanna
<p>&nbsp; &nbsp;</p>,http://akns-images.eonline.com/eol_images/Entire_Site/2017112/rs_634x1024-170212172705-634-john-legend-2017-grammy-awards.jpg,John Legend
<p>&nbsp; &nbsp;</p>,http://akns-images.eonline.com/eol_images/Entire_Site/2017112/rs_634x1024-170212175047-634-gary-clark-jr-2017-grammy-awards.jpg,Gary Clark Jr.
<p>In Marc Jacobs</p>,http://akns-images.eonline.com/eol_images/Entire_Site/2017112/rs_634x1024-170212171329-634.taraji-hensen.cm.21217.jpg,Taraji P. Henson
<p>&nbsp; &nbsp;</p>,http://akns-images.eonline.com/eol_images/Entire_Site/2017112/rs_634x1024-170212171607-634.chance.cm.21217.jpg,Chance The Rapper
<p>&nbsp; &nbsp;</p>,http://akns-images.eonline.com/eol_images/Entire_Site/2017112/rs_634x1024-170212170944-634-solange-2017-grammy-awards.jpg,Solange Knowles
<p>In Zuhair Murad</p>,http://akns-images.eonline.com/eol_images/Entire_Site/2017112/rs_634x1024-170212170509-634.celine-dion.cm.21217.jpg,C&#233;line Dion
<p>In Zuhair Murad</p>,http://akns-images.eonline.com/eol_images/Entire_Site/2017112/rs_634x1024-170212171105-634-nicole-trufino-2017-grammy-awards.jpg,Nicole Trunfio
<p>&nbsp; &nbsp;</p>,http://akns-images.eonline.com/eol_images/Entire_Site/2017112/rs_634x1024-170212171040-634.dj-khaled.cm.21217.jpg,DJ Khaled
<p>&nbsp; &nbsp;</p>,http://akns-images.eonline.com/eol_images/Entire_Site/2017112/rs_634x1024-170212170730-634-andra-day-2017-grammy-awards.jpg,Andra Day
<p>&nbsp; &nbsp;</p>,http://akns-images.eonline.com/eol_images/Entire_Site/2017112/rs_634x1024-170212170605-634-2017-grammy-awards-arrivals-Kimberly-Schlapman.jpg,Kimberly Schlapman
<p>In Roberto Cavalli</p>,http://akns-images.eonline.com/eol_images/Entire_Site/2017112/rs_634x1024-170212165608-634-chrissy-teigen.cm.21217.jpg,Chrissy Teigen
<p>In Ralph &amp; Russo</p>,http://akns-images.eonline.com/eol_images/Entire_Site/2017112/rs_634x1024-170212164926-634-2017-grammy-awards-arrivals-jennifer-lopez.jpg,Jennifer Lopez
<p>In Thai Nguyen</p>,http://akns-images.eonline.com/eol_images/Entire_Site/2017112/rs_634x1024-170212164611-634.katherine-mcphee.cm.21217.jpg,Katharine McPhee
<p>In Bryan Hearns</p>,http://akns-images.eonline.com/eol_images/Entire_Site/2017112/rs_634x1024-170212164514-634-2017-grammy-awards-arrivals-laverne-cox.jpg,Laverne Cox
<p>In Tom Ford</p>,http://akns-images.eonline.com/eol_images/Entire_Site/2017112/rs_634x1024-170212164147-634.katy-perry.cm.21217.jpg,Katy Perry
<p>&nbsp; &nbsp;</p>,http://akns-images.eonline.com/eol_images/Entire_Site/2017112/rs_634x1024-170212164006-634-paulina-rubio-2017-grammy-awards.jpg,Paulina Rubio
<p>In Julien Macdonald</p>,http://akns-images.eonline.com/eol_images/Entire_Site/2017112/rs_634x1024-170212163804-634-2017-grammy-awards-arrivals-demi-lovato.jpg,Demi Lovato
<p>In Zuhair Murad</p>,http://akns-images.eonline.com/eol_images/Entire_Site/2017112/rs_634x1024-170212163627-634-faith-hill-2017-grammy-awards.jpg,Faith Hill
<p>In Versace</p>,http://akns-images.eonline.com/eol_images/Entire_Site/2017126/rs_634x1024-170226165902-634-academy-awards-oscars-2017-arrivals-halle-berry.jpg,Halle Berry
<p>In Narciso Rodriguez</p>,http://akns-images.eonline.com/eol_images/Entire_Site/2017126/rs_634x1024-170226170353-634-kate-mckinnon.cm.22617.jpg,Kate McKinnon
<p>In Hugo Boss</p>,http://akns-images.eonline.com/eol_images/Entire_Site/2017126/rs_634x1024-170226170305-634-academy-awards-oscars-2017-arrivals-jeremy-renner.jpg,Jeremy Renner
<p>In Armani Priv&eacute;</p>,http://akns-images.eonline.com/eol_images/Entire_Site/2017126/rs_634x1024-170226164515-634.viola-davis.cm.22617.jpg,Viola Davis
<p>In Gucci</p>,http://akns-images.eonline.com/eol_images/Entire_Site/2017126/rs_634x1024-170226165314-634.ryan-gosling.cm.22617.jpg,Ryan Gosling
<p>In Oscar de la Renta</p>,http://akns-images.eonline.com/eol_images/Entire_Site/2017126/rs_634x1024-170226164610-634-brie-larson-2017-Oscars-Awards.jpg,Brie Larson
<p>In Ralph &amp; Russo</p>,http://akns-images.eonline.com/eol_images/Entire_Site/2017126/rs_634x1024-170226163810-634-academy-awards-oscars-2017-arrivals-Priyanka-Chopra.jpg,Priyanka Chopra
<p>In Dior</p>,http://akns-images.eonline.com/eol_images/Entire_Site/2017126/rs_634x1024-170226163633-634-charlize-theron.cm.22617.jpg,Charlize Theron
<p>&nbsp; &nbsp;</p>,http://akns-images.eonline.com/eol_images/Entire_Site/2017126/rs_634x1024-170226165238-634-naomie-harris-2017-Oscars-Awards.jpg,Naomie Harris
<p>&nbsp; &nbsp;</p>,http://akns-images.eonline.com/eol_images/Entire_Site/2017126/rs_634x1024-170226165027-634-jamie-dornan.cm.22617.jpg,Jamie Dornan
<p>In Givenchy</p>,http://akns-images.eonline.com/eol_images/Entire_Site/2017126/rs_634x1024-170226163515-634-academy-awards-oscars-2017-arrivals-emma-stone.jpg,Emma Stone
<p>In Armani Priv&eacute;</p>,http://akns-images.eonline.com/eol_images/Entire_Site/2017126/rs_634x1024-170226163325-634-nicole-kidman-2017-Oscars-Awards.jpg,Nicole Kidman
<p>&nbsp; &nbsp;</p>,http://akns-images.eonline.com/eol_images/Entire_Site/2017126/rs_634x1024-170226163224-634.salma-hayek.cm.22617.jpg,Salma Hayek
<p>In Alaia</p>,http://akns-images.eonline.com/eol_images/Entire_Site/2017126/rs_634x1024-170226163100-634-academy-awards-oscars-2017-arrivals-scarlett-johansson.jpg,Scarlett Johansson
<p>In Louis Vuitton</p>,http://akns-images.eonline.com/eol_images/Entire_Site/2017126/rs_634x1024-170226162524-634-academy-awards-oscars-2017-arrivals-alicia-vikander.jpg,Alicia Vikander
<p>&nbsp; &nbsp;</p>,http://akns-images.eonline.com/eol_images/Entire_Site/2017126/rs_634x1024-170226162642-634-laura-dern-2017-Oscars-Awards.jpg,Laura Dern
<p>In Louis Vuitton</p>,http://akns-images.eonline.com/eol_images/Entire_Site/2017126/rs_634x1024-170226162328-634.casey-affleck.cm.22617.jpg,Casey Affleck
<p>In Louis Vuitton</p>,http://akns-images.eonline.com/eol_images/Entire_Site/2017126/rs_634x1024-170226162028-634-academy-awards-oscars-2017-arrivals-michelle-williams.jpg,Michelle Williams
<p>&nbsp; &nbsp;</p>,http://akns-images.eonline.com/eol_images/Entire_Site/2017126/rs_634x1024-170226162118-634-michael-j-fox.cm.22617.jpg,Michael J. Fox
<p>In Gucci</p>,http://akns-images.eonline.com/eol_images/Entire_Site/2017126/rs_634x1024-170226161746-634-academy-awards-oscars-2017-arrivals-dakota-johnson.jpg,Dakota Johnson
"<p>&nbsp;We""ve been waiting for tonight to see the <em>Shades of Blue</em> star pull off another winning look. Spoiler: She didn""t disappoint in her&nbsp;black gown with a sheer beaded bust by Reem Acra and&nbsp;Salvatore Ferragamo clutch.</p>",http://akns-images.eonline.com/eol_images/Entire_Site/2017018/rs_634x1024-170118174219-634-jennifer-lopez-peoples-choice-awards-2017.jpg,Jennifer Lopez
"<p>Before their highly anticipated performance, Ally Brooke, Normani Kordei, Lauren Jauregui and Dinah Jane prove to be the perfect match.&nbsp;</p>",http://akns-images.eonline.com/eol_images/Entire_Site/2017018/rs_839x1024-170118174826-634-fifth-harmony-peoples-choice-awards-2017.jpg,Fifth Harmony
"<p>You know you love this look, xoxo! The People""s Choice nominee steps out&nbsp;in an Ellie Saab dress and jewelry from&nbsp;Lorraine Schwartz.&nbsp;</p>",http://akns-images.eonline.com/eol_images/Entire_Site/2017018/rs_634x1024-170118174431-634-blake-lively-peoples-choice-awards-2017.jpg,Blake Lively
<p>The <em>Rocky Horror Picture Show</em> star&nbsp;wears a gold and silver chain cocktail dress from&nbsp;Yousef Al-Jasmi.</p>,http://akns-images.eonline.com/eol_images/Entire_Site/2017018/rs_634x1024-170118174657-634.Victoria-Justice-Peoples-Choice-Awards-Los-Angeles.kg.011817.jpg,Victoria Justice
"<p>After some <a href=""https://www.instagram.com/p/BPafRl1h6Z9/?taken-by=thesarahdrew&amp;hl=en"" target=""_blank"">time</a> in the hair and makeup chair, the <em>Grey""s Anatomy</em> star is ready to shine.&nbsp;</p>",http://akns-images.eonline.com/eol_images/Entire_Site/2017018/rs_634x1024-170118173232-634.Sarah-Drew-Peoples-Choice-Awards.ms.011817.jpg,Sarah Drew
<p>The <em>Quantico</em> star is back to work and back to the red carpet following her on-set injury.&nbsp;</p>,http://akns-images.eonline.com/eol_images/Entire_Site/2017018/rs_634x1024-170118175403-634.Priyanka-Chopra-Peoples-Choice-Awards-Los-Angeles.kg.011817.jpg,Priyanka Chopra
"<p>Orange really is the new black for the Hollywood actress"" red carpet look. She rocked this&nbsp;Veronica Beard pantsuit with total style!</p>",http://akns-images.eonline.com/eol_images/Entire_Site/2017018/rs_634x1024-170118175756-634.Ruby-Rose-Peoples-Choice-Awards.ms.011817.jpg,Ruby Rose
"<p>With <a href=""https://www.instagram.com/p/BPbSXgBDL-y/?taken-by=jamiejchung&amp;hl=en"" target=""_blank"">help</a> from fashion stylist&nbsp;Judy Kaufman, the <em>Gotham</em> star shows off her sparkling yellow dress.&nbsp;</p>",http://akns-images.eonline.com/eol_images/Entire_Site/2017018/rs_634x1024-170118175943-634.Jamie-Chung-Peoples-Choice-Awards-Los-Angeles.kg.011817.jpg,Jamie Chung
"<p>After a fresh <a href=""https://www.instagram.com/p/BPbDLhADXp6/?hl=en&amp;taken-by=wilmervalderrama"" target=""_blank"">haircut</a> from Christine Nelli, the <em>NCIS</em> star is ready for the cameras.&nbsp;</p>",http://akns-images.eonline.com/eol_images/Entire_Site/2017018/rs_634x1024-170118173203-634-Wilmer-Valderrama-peoples-choice-awards-2017.jpg,Wilmer Valderrama
"<p>The <em>Jane the Virgin</em> star has fans oohing and awwing for all the right, fashionable reasons.&nbsp;</p>",http://akns-images.eonline.com/eol_images/Entire_Site/2017018/rs_634x1024-170118173155-634.Azie-Tesfai-Peoples-Choice-Awards-Los-Angeles.kg.011817.jpg,Azie Tesfa
<p>It may just be a big night for the Hollywood actress who is nominated for both her movie and TV roles.</p>,http://akns-images.eonline.com/eol_images/Entire_Site/2017018/rs_634x1024-170118172955-rs_634x1024-170118170749-634-kristen-bell-peoples-choice-awards-11816.jpg,Kristen Bell
"<p>After stylist Cristina Ehrlich shared a ""<a href=""https://www.instagram.com/p/BPbIMaCDTrl/?taken-by=cristinaehrlich&amp;hl=en"" target=""_blank"">sneak peek</a>"" of her client""s look, the newly engaged <em>Twilight</em> star stepped out.&nbsp;</p>",http://akns-images.eonline.com/eol_images/Entire_Site/2017018/rs_634x1024-170118173024-634-ashley-greene-peoples-choice-awards-2017.jpg,Ashley Greene
"<p>It""s not truly a <em>Full House</em> until this Hollywood actress arrives with hair and makeup from&nbsp;Daniel Blaylock.&nbsp;</p>",http://akns-images.eonline.com/eol_images/Entire_Site/2017018/rs_634x1024-170118172337-634-candice-cameron-bure-peoples-choice-awards-11816.jpg,Candace Cameron Bure
<p>Legends among us! The Favorite Dramatic Movie Actor nominee gets ready for an exciting evening.</p>,http://akns-images.eonline.com/eol_images/Entire_Site/2017018/rs_634x1024-170118171747-634-tom-hanks-peoples-choice-awards-2017.jpg,Tom Hanks
"<p>In between Snapchatting for <em>Vogue</em> magazine, the <em>Chasing Cameron</em> star steals some time to pose for the red carpet with his four&nbsp;rings from Jason of Beverly Hills.</p>",http://akns-images.eonline.com/eol_images/Entire_Site/2017018/rs_634x1024-170118173501-634.Cameron-Dallas-Peoples-Choice-Awards-Los-Angeles.kg.011817.jpg,Cameron Dallas
<p>Perhaps this <em>Dancing With the Stars</em> pro is dancing away with the Best Dressed award.</p>,http://akns-images.eonline.com/eol_images/Entire_Site/2017018/rs_634x1024-170118170955-634-cheryl-burke-peoples-choice-awards-2017.jpg,Cheryl Burke
"<p>Dr. Miranda Bailey from <em>Grey""s Anatomy</em> is in the house.&nbsp;</p>",http://akns-images.eonline.com/eol_images/Entire_Site/2017018/rs_634x1024-170118171158-634-chandra-wilson-peoples-choice-awards-2017.jpg,Chandra Wilson
"<p>The <em>Grey""s Anatomy</em> star glows while showcasing her baby bump in a form-fitting gown.&nbsp;</p>",http://akns-images.eonline.com/eol_images/Entire_Site/2017018/rs_634x1024-170118171013-634.Camilla-Luddington-Peoples-Choice-Awards-Los-Angeles.kg.011817.jpg,Camilla Luddington
"<p>No laughing matter: The <em>Curb Your Enthusiasm</em> star looks great in her little black dress, clutch by Tadashi Shoji and&nbsp;diamond cuff by Open Hearts by Jane Seymour.</p>",http://akns-images.eonline.com/eol_images/Entire_Site/2017018/rs_634x1024-170118171925-634.Cheryl-Hines-Peoples-Choice-Awards-Los-Angeles.kg.011817.jpg,Cheryl Hines
"<p><em>Grey""s Anatomy</em>""s Dr. Amelia Shepherd is ready for spring in her floral red carpet look.&nbsp;</p>",http://akns-images.eonline.com/eol_images/Entire_Site/2017018/rs_634x1024-170118180251-634.Caterina-Scorsone-Peoples-Choice-Awards-Los-Angeles.kg.011817.jpg,Caterina Scorsone
